"","Rank","Institution Name (RSSD ID)","Location","12/31/2013 Total Assets"
"1",1,"JPMORGAN CHASE & CO. (1039502)","NEW YORK, NY","$2,415,689,000"
"2",2,"BANK OF AMERICA CORPORATION (1073757)","CHARLOTTE, NC","$2,104,995,000"
"3",3,"CITIGROUP INC. (1951350)","NEW YORK, NY","$1,880,035,000"
"4",4,"WELLS FARGO & COMPANY (1120754)","SAN FRANCISCO, CA","$1,527,015,000"
"5",5,"GOLDMAN SACHS GROUP, INC., THE (2380443)","NEW YORK, NY","$911,595,000"
"6",6,"MORGAN STANLEY (2162966)","NEW YORK, NY","$832,666,000"
"7",7,"AMERICAN INTERNATIONAL GROUP, INC. (1562176)","NEW YORK, NY","$541,329,000"
"8",8,"GENERAL ELECTRIC CAPITAL CORPORATION (1631915)","NORWALK, CT","$524,005,141"
"9",9,"BANK OF NEW YORK MELLON CORPORATION, THE (3587146)","NEW YORK, NY","$374,310,000"
"10",10,"U.S. BANCORP (1119794)","MINNEAPOLIS, MN","$364,021,000"
"11",11,"PNC FINANCIAL SERVICES GROUP, INC., THE (1069778)","PITTSBURGH, PA","$320,596,232"
"12",12,"CAPITAL ONE FINANCIAL CORPORATION (2277860)","MCLEAN, VA","$297,282,098"
"13",13,"HSBC NORTH AMERICA HOLDINGS INC. (3232316)","NEW YORK, NY","$290,013,881"
"14",14,"TEACHERS INSURANCE & ANNUITY ASSOCIATION OF AMERICA (1607170)","NEW YORK, NY","$250,494,214"
"15",15,"STATE STREET CORPORATION (1111435)","BOSTON, MA","$243,028,090"
"16",16,"TD BANK US HOLDING COMPANY (1249196)","CHERRY HILL, NJ","$234,621,843"
"17",17,"BB&T CORPORATION (1074156)","WINSTON SALEM, NC","$183,009,992"
"18",18,"SUNTRUST BANKS, INC. (1131787)","ATLANTA, GA","$175,380,779"
"19",19,"AMERICAN EXPRESS COMPANY (1275216)","NEW YORK, NY","$153,387,000"
"20",20,"ALLY FINANCIAL INC. (1562859)","DETROIT, MI","$151,167,000"
"21",21,"CHARLES SCHWAB CORPORATION, THE (1026632)","SAN FRANCISCO, CA","$143,642,000"
"22",22,"FIFTH THIRD BANCORP (1070345)","CINCINNATI, OH","$129,685,180"
"23",23,"STATE FARM MUTUAL AUTOMOBILE INSURANCE COMPANY (3840207)","BLOOMINGTON, IL","$129,337,906"
"24",24,"UNITED SERVICES AUTOMOBILE ASSOCIATION (1447376)","SAN ANTONIO, TX","$122,342,355"
"25",25,"RBS CITIZENS FINANCIAL GROUP, INC. (1132449)","PROVIDENCE, RI","$122,257,732"
"26",26,"REGIONS FINANCIAL CORPORATION (3242838)","BIRMINGHAM, AL","$117,661,732"
"27",27,"BMO FINANCIAL CORP. (1245415)","WILMINGTON, DE","$111,073,727"
"28",28,"UNIONBANCAL CORPORATION (1378434)","SAN FRANCISCO, CA","$105,900,020"
"29",29,"NORTHERN TRUST CORPORATION (1199611)","CHICAGO, IL","$102,947,333"
"30",30,"KEYCORP (1068025)","CLEVELAND, OH","$92,991,716"
"31",31,"M&T BANK CORPORATION (1037003)","BUFFALO, NY","$85,162,391"
"32",32,"BANCWEST CORPORATION (1025608)","HONOLULU, HI","$83,527,474"
"33",33,"DISCOVER FINANCIAL SERVICES (3846375)","RIVERWOODS, IL","$79,339,664"
"34",34,"SANTANDER HOLDINGS USA, INC. (3981856)","BOSTON, MA","$77,144,021"
"35",35,"BBVA COMPASS BANCSHARES, INC. (1078529)","HOUSTON, TX","$71,965,476"
"36",36,"DEUTSCHE BANK TRUST CORPORATION (1032473)","NEW YORK, NY","$66,926,000"
"37",37,"COMERICA INCORPORATED (1199844)","DALLAS, TX","$65,356,580"
"38",38,"HUNTINGTON BANCSHARES INCORPORATED (1068191)","COLUMBUS, OH","$59,476,344"
"39",39,"ZIONS BANCORPORATION (1027004)","SALT LAKE CITY, UT","$56,031,127"
"40",40,"CIT GROUP INC. (1036967)","LIVINGSTON, NJ","$47,138,960"
"41",41,"NEW YORK COMMUNITY BANCORP, INC. (2132932)","WESTBURY, NY","$46,688,287"
"42",42,"E*TRADE FINANCIAL CORPORATION (3412583)","NEW YORK, NY","$46,279,856"
"43",43,"UTRECHT-AMERICA HOLDINGS, INC. (2307280)","NEW YORK, NY","$46,112,745"
"44",44,"HUDSON CITY BANCORP, INC. (2367556)","PARAMUS, NJ","$38,607,354"
"45",45,"FIRST NIAGARA FINANCIAL GROUP, INC. (2648693)","BUFFALO, NY","$37,643,867"
"46",46,"POPULAR, INC. (1129382)","SAN JUAN, PR","$35,749,000"
"47",47,"PEOPLE'S UNITED FINANCIAL, INC. (3650152)","BRIDGEPORT, CT","$33,204,410"
"48",48,"NATIONWIDE MUTUAL INSURANCE COMPANY (3828072)","COLUMBUS, OH","$32,675,758"
"49",49,"MUTUAL OF OMAHA INSURANCE COMPANY (1583836)","OMAHA, NE","$32,233,999"
"50",50,"JOHN DEERE CAPITAL CORPORATION (3843075)","RENO, NV","$31,676,590"
"51",51,"CITY NATIONAL CORPORATION (1027518)","LOS ANGELES, CA","$29,717,951"
"52",52,"BOK FINANCIAL CORPORATION (1883693)","TULSA, OK","$27,021,529"
"53",53,"SVB FINANCIAL GROUP (1031449)","SANTA CLARA, CA","$26,417,306"
"54",54,"SYNOVUS FINANCIAL CORP. (1078846)","COLUMBUS, GA","$26,201,604"
"55",55,"SCOTTRADE FINANCIAL SERVICES, INC. (3242735)","TOWN AND COUNTRY, MO","$25,617,367"
"56",56,"EAST WEST BANCORP, INC. (2734233)","PASADENA, CA","$24,730,609"
"57",57,"CULLEN/FROST BANKERS, INC. (1102367)","SAN ANTONIO, TX","$24,388,272"
"58",58,"ASSOCIATED BANC-CORP (1199563)","GREEN BAY, WI","$24,226,920"
"59",59,"FIRSTMERIT CORPORATION (1070804)","AKRON, OH","$23,912,451"
"60",60,"FIRST HORIZON NATIONAL CORPORATION (1094640)","MEMPHIS, TN","$23,791,187"
"61",61,"IMB HOLDCO LLC (3923614)","PASADENA, CA","$23,498,336"
"62",62,"COMMERCE BANCSHARES, INC. (1049341)","KANSAS CITY, MO","$23,081,892"
"63",63,"MACY'S, INC. (4103310)","CINCINNATI, OH","$22,445,600"
"64",64,"RAYMOND JAMES FINANCIAL, INC. (3815157)","SAINT PETERSBURG, FL","$21,924,495"
"65",65,"FIRST CITIZENS BANCSHARES, INC. (1075612)","RALEIGH, NC","$21,199,091"
"66",66,"WEBSTER FINANCIAL CORPORATION (1145476)","WATERBURY, CT","$20,856,659"
"67",67,"BARCLAYS DELAWARE HOLDINGS LLC (2938451)","WILMINGTON, DE","$19,056,120"
"68",68,"HANCOCK HOLDING COMPANY (1086533)","GULFPORT, MS","$19,025,806"
"69",69,"PROSPERITY BANCSHARES, INC. (1109599)","HOUSTON, TX","$18,651,693"
"70",70,"SUSQUEHANNA BANCSHARES, INC. (1117156)","LITITZ, PA","$18,473,488"
"71",71,"TCF FINANCIAL CORPORATION (2389941)","WAYZATA, MN","$18,402,494"
"72",72,"WINTRUST FINANCIAL CORPORATION (2260406)","ROSEMONT, IL","$18,097,783"
"73",73,"EVERBANK FINANCIAL CORP (3838857)","JACKSONVILLE, FL","$17,640,984"
"74",74,"UMB FINANCIAL CORPORATION (1049828)","KANSAS CITY, MO","$16,911,852"
"75",75,"FULTON FINANCIAL CORPORATION (1117129)","LANCASTER, PA","$16,908,633"
"76",76,"FIRST NATIONAL OF NEBRASKA, INC. (1020902)","OMAHA, NE","$16,271,487"
"77",77,"VALLEY NATIONAL BANCORP (1048773)","WAYNE, NJ","$16,156,541"
"78",78,"ASTORIA FINANCIAL CORPORATION (2504128)","LAKE SUCCESS, NY","$15,793,722"
"79",79,"FRANKLIN RESOURCES, INC. (1246216)","SAN MATEO, CA","$15,793,167"
"80",80,"INVESTORS BANCORP, MHC (2477754)","SHORT HILLS, NJ","$15,605,073"
"81",81,"BANKUNITED, INC. (4028712)","MIAMI LAKES, FL","$15,046,649"
"82",82,"WASHINGTON FEDERAL, INC. (3065617)","SEATTLE, WA","$14,404,373"
"83",83,"BANK OF HAWAII CORPORATION (1025309)","HONOLULU, HI","$14,127,598"
"84",84,"ARVEST BANK GROUP, INC. (1095674)","BENTONVILLE, AR","$14,113,477"
"85",85,"PRIVATEBANCORP, INC. (1839319)","CHICAGO, IL","$14,085,746"
"86",86,"F.N.B. CORPORATION (3005332)","HERMITAGE, PA","$13,563,405"
"87",87,"MODERN WOODMEN OF AMERICA (3057395)","ROCK ISLAND, IL","$13,398,445"
"88",88,"FIRSTBANK HOLDING COMPANY (1060627)","LAKEWOOD, CO","$13,384,848"
"89",89,"IBERIABANK CORPORATION (2291914)","LAFAYETTE, LA","$13,365,550"
"90",90,"BANCORPSOUTH, INC. (1097614)","TUPELO, MS","$13,045,442"
"91",91,"FIRST BANCORP (2744894)","SAN JUAN, PR","$12,656,925"
"92",92,"INTERNATIONAL BANCSHARES CORPORATION (1104231)","LAREDO, TX","$12,079,477"
"93",93,"TRUSTMARK CORPORATION (1079562)","JACKSON, MS","$11,790,383"
"94",94,"TEXAS CAPITAL BANCSHARES, INC. (2706735)","DALLAS, TX","$11,714,698"
"95",95,"APPLE FINANCIAL HOLDINGS, INC. (3446412)","NEW YORK, NY","$11,647,170"
"96",96,"UMPQUA HOLDINGS CORPORATION (2747644)","PORTLAND, OR","$11,641,151"
"97",97,"THIRD FEDERAL SAVINGS AND LOAN OF CLEVELAND, MHC (3828036)","CLEVELAND, OH","$11,381,407"
"98",98,"CATHAY GENERAL BANCORP (1843080)","LOS ANGELES, CA","$10,989,286"
"99",99,"HAWAIIAN ELECTRIC INDUSTRIES, INC. (3842957)","HONOLULU, HI","$10,340,044"
"100",100,"STERLING FINANCIAL CORPORATION (3152245)","SPOKANE, WA","$10,327,642"
"101",101,"COUNTRY LIFE INSURANCE COMPANY (3825204)","BLOOMINGTON, IL","$10,262,625"
